id,name,top_match,score_admu,score_dlsu,score_up,score_ust,created_at
08e3fb91-1fd1-4e44-9837-47b03450b4da,"Althea Villanueva",ust,160,189,307,455,2026-05-07T22:09:31.749Z
df561435-6605-489c-bfb0-66dc1e55815c,"Ysabel Torres",dlsu,279,371,229,276,2026-05-07T22:18:57.350Z
1328647f-a86f-4988-a7a3-de052d55e8f1,"Andrea Salazar",dlsu,287,503,166,230,2026-05-08T00:55:28.864Z
06a3cff1-1db3-4277-8a62-19ce3b476d39,"Aaron Fernandez",up,236,167,465,290,2026-05-08T01:45:34.914Z
ead60c4e-a371-4c1a-a738-cabd862073a3,"Migs Lim",admu,415,340,193,201,2026-05-08T11:48:02.184Z
6e877ea2-65a4-42dd-8f52-a4ba62d09490,"Paolo Reyes",admu,367,333,197,226,2026-05-08T15:29:12.752Z
f5b0acb0-9061-4f25-96fd-a7a0cf53ae9f,"Yanna Manalo",ust,175,173,315,413,2026-05-08T16:17:59.429Z
1010ac19-c0fa-4217-9ea6-976543576506,"Bea Rivera",ust,186,176,299,452,2026-05-08T21:31:12.142Z
c80051ff-f160-4426-b81e-a8dd8ea5ae06,"Angel Aguilar",up,243,195,497,235,2026-05-08T21:35:17.922Z
c6c01191-49a4-4c27-8754-91f8f187858d,"Josh Bactol",dlsu,341,431,206,201,2026-05-08T21:53:24.897Z
2de84b36-7330-4729-a79b-ab7ff0257a51,"Hannah Santos",ust,278,259,239,317,2026-05-08T23:27:11.588Z
df088e49-83a2-4675-8730-d5c3762bbdb0,"Rafael Mendoza",admu,413,322,207,198,2026-05-09T05:39:05.256Z
bc49d523-5c03-422c-a4b0-c486e76023a4,"Danica Garcia",up,231,161,534,247,2026-05-09T18:31:01.993Z
57c8d0ba-46ad-462c-8e3f-f436943d4c66,"Renz Bautista",up,256,179,406,242,2026-05-09T21:44:28.733Z
37dc96eb-dd23-4881-8ba8-64ad33dfa5a1,"Vince Garcia",ust,160,188,313,419,2026-05-09T23:52:28.646Z
f18f92fa-12b7-4a2f-b68e-0662a6435c1d,"Camille Villanueva",dlsu,289,430,183,229,2026-05-10T04:42:18.703Z
30b0a598-f9ce-4842-9aa0-8641949136f9,"Ivan Cruz",up,213,157,511,248,2026-05-10T07:34:18.720Z
f48b429e-7915-458e-a9e7-6e027dc22ba2,"Marco Sy",dlsu,256,460,202,220,2026-05-10T17:18:04.270Z
22743113-bbf3-40d0-abfc-6218cb035bfb,"Josh Rivera",admu,323,270,343,202,2026-05-11T02:35:40.162Z
079f1479-2630-4f16-b2f2-5a31f9fba6f7,"Renz Tan",ust,247,212,336,398,2026-05-11T07:18:10.235Z
1a987e9e-6f56-4041-b73d-bb1d2e952058,"Althea Aquino",dlsu,299,494,158,214,2026-05-11T09:52:18.369Z
1bbc0b4d-f2ef-4e1e-bdb8-dde20fcc144a,"Trisha Manalo",dlsu,271,433,238,219,2026-05-11T15:19:35.910Z
ef78bdbf-8e1d-4414-94de-be6613c5c5bf,"Nadine Castillo",admu,400,328,165,208,2026-05-12T10:17:06.067Z
e8110c5d-6a43-494d-b2f0-d450a2001706,"Kyle Cruz",up,229,185,470,229,2026-05-12T12:09:11.585Z
15aec476-a030-4e0f-bbc1-f8ccf373e910,"Ram Bautista",admu,437,280,228,168,2026-05-12T23:40:28.312Z
e1d46013-7533-46f2-a785-fe43b4fea0ae,"Kate Torres",admu,458,294,231,190,2026-05-13T01:11:51.757Z
abf247cf-9311-4e6c-8fe4-192208a5742c,"Marco del Rosario",up,232,176,515,238,2026-05-13T06:59:53.696Z
3ee2fc41-53ec-4b08-863b-d11362906952,"Andrea Navarro",admu,452,294,230,192,2026-05-13T07:41:43.473Z
2132e17a-bb66-4d8c-9a0f-f4f6a2828b22,"Patricia Chua",ust,243,199,279,330,2026-05-13T09:53:18.217Z
617779b5-317c-4a43-bd8b-98ebb91ab635,"Marco Domingo",dlsu,286,464,181,221,2026-05-13T15:02:42.009Z
15014793-aa48-4e61-850d-2c25c238350e,"Kate Santos",up,204,159,516,255,2026-05-13T18:49:57.151Z
841fb928-b008-4028-9723-df3ef9e12363,"Marco Gutierrez",admu,428,294,270,194,2026-05-14T04:40:21.790Z
0124d7b6-dad5-4fb1-b63a-dd2b41c766bf,"Ella Padilla",ust,190,213,264,464,2026-05-14T11:00:22.848Z
e0c51ce1-c33c-4e7b-aff1-5ac652d87034,"Sofia Ocampo",up,276,194,459,202,2026-05-14T13:44:27.476Z
ee52077f-0dc6-4a98-a63d-f4fe6e30f139,"Ysabel del Rosario",dlsu,305,417,179,233,2026-05-14T13:55:41.698Z
c721da7e-bb43-4894-b9ed-f04f6f79bc2f,"Migs Lim",admu,334,332,211,218,2026-05-14T16:30:04.799Z
868fc40b-98a4-4bbe-ae6a-305f6213b60a,"Trisha Mendoza",dlsu,279,490,144,225,2026-05-14T16:31:03.233Z
da1f37b7-c5ab-4a51-b8b3-03d773c926e4,"Nadine Gutierrez",admu,436,310,210,203,2026-05-14T17:43:21.670Z
2fea4b85-6efa-4154-843e-ed7e38bcc5f0,"Cedric Fernandez",up,250,179,486,264,2026-05-14T19:03:02.320Z
6bca1cad-6574-4476-a82f-71ac9501b8be,"Kyle Chua",up,261,227,437,191,2026-05-15T06:30:17.180Z
e8cf911b-d703-4ab5-a532-6a00d9c6536f,"Sofia Padilla",admu,475,305,195,170,2026-05-15T16:36:13.214Z
d155ca82-9d07-4042-b339-bbe3fc0cfbe0,"Kate Salazar",ust,186,209,289,452,2026-05-15T17:49:28.599Z
aa739250-f8c5-4541-bcf7-72f087af264f,"Paolo Dizon",admu,398,296,231,211,2026-05-15T17:59:28.659Z
c183b4f0-fb63-4479-a24f-ee6c8406cd74,"Miguel Torres",dlsu,311,357,237,249,2026-05-15T19:48:25.703Z
6a7b2fee-9333-430e-8cb9-474aaa9fe023,"Ivan Aquino",admu,485,303,200,153,2026-05-16T13:35:58.978Z
62c455a1-8214-40fc-a527-67066557fb95,"Juan Ocampo",admu,450,344,212,179,2026-05-16T22:42:03.152Z
b86c4316-a951-457f-b27c-a804481fc5fc,"Althea Reyes",admu,450,293,196,201,2026-05-17T06:03:44.108Z
7d2f7750-f5f9-4258-ac8a-014125e0cced,"Rafael Padilla",up,243,215,478,220,2026-05-17T23:43:15.804Z
26252178-02f4-4f48-90e7-e4999f22ec3d,"Lorenzo Aquino",up,227,177,503,264,2026-05-18T03:45:35.329Z
99c37b20-f230-4395-9ee3-711271dfe12c,"Bea Fernandez",up,249,184,447,262,2026-05-18T08:57:27.581Z
aab6d3fd-a522-4bdc-9342-e39ddc4e4b5f,"Bea Sy",up,240,172,484,231,2026-05-18T10:06:28.813Z
1a64258a-f8ff-4997-9771-ae0a085d4025,"Marco Flores",admu,451,305,210,189,2026-05-18T17:47:18.305Z
ad4ac77a-a17c-45bf-a5fd-e96a3f96c7a6,"Kyle Ocampo",admu,430,312,187,207,2026-05-19T01:06:52.910Z
4730acda-aedf-49cb-804d-b3876f187534,"Nicole Mendoza",admu,399,288,242,216,2026-05-19T03:17:49.943Z
e679eaab-46fd-4edc-911c-a6bf36b2e3d2,"Althea Lim",up,255,201,487,186,2026-05-19T16:37:34.252Z
0e6c1d91-ce15-4d0c-9fec-fa4965a0a8fa,"Rafael Ocampo",up,223,187,448,236,2026-05-19T16:53:50.120Z
baa7b9c5-cd6a-4fac-935f-a378c27f10c8,"Isabella Salazar",dlsu,292,504,112,221,2026-05-19T22:14:05.084Z
c4f19753-7479-4c04-b05f-fb95b6ac791c,"Marco Aquino",dlsu,265,408,189,248,2026-05-20T02:07:33.527Z
f1616c42-017f-48c3-b953-ed6b880e95b9,"Enzo Gutierrez",admu,355,277,241,251,2026-05-20T08:58:05.244Z
6a80d135-1fe5-4849-aeb9-23d2d20a8b1f,"Ysabel Gutierrez",up,249,147,510,225,2026-05-20T09:34:59.402Z
42ee8004-ba49-4d0d-b389-612d3864fdc8,"Patricia Reyes",ust,176,201,296,446,2026-05-20T18:31:59.151Z
8126cb4b-2c59-49da-8379-1149e1ab3cbe,"Nadine Sy",admu,412,271,269,182,2026-05-21T00:32:32.982Z
0ca7a03f-aaba-4386-a8bc-0f8d22a3ebf0,"Danica Mendoza",ust,219,251,255,417,2026-05-21T06:24:44.879Z
c5e47751-fc41-4d38-9b10-adf02b56f187,"Juan del Rosario",admu,417,314,171,211,2026-05-21T06:31:53.394Z
31e76399-bff2-49a7-a54d-3139e2b029d2,"Reign Garcia",admu,451,316,193,163,2026-05-21T10:48:00.454Z
170946fa-6eb7-44c2-828e-270fb02dfd43,"Miguel Gutierrez",up,237,197,476,265,2026-05-21T11:03:35.498Z
d5729d96-5e15-4afc-ac10-f35839789951,"Lorenzo Ramos",admu,335,271,272,221,2026-05-21T14:03:47.323Z
0c13ae6f-419e-4b7e-9252-8d68abca884f,"Renz Padilla",admu,353,306,176,243,2026-05-21T15:21:41.451Z
ab1b1ccc-5a6e-4897-9ecb-cc99218b86f2,"Yanna Reyes",admu,461,338,184,172,2026-05-21T15:45:06.318Z
606d9a51-35cc-4c7f-bbe4-88141df88d25,"Miguel Salazar",admu,435,298,250,177,2026-05-21T18:33:32.293Z
69170c00-aaaa-490f-b7b5-292654179b99,"Miguel Dizon",admu,358,306,284,267,2026-05-22T13:15:18.044Z
4bc57b94-a487-4436-8765-7c3accfb7b68,"Nadine Navarro",up,240,185,463,278,2026-05-22T13:24:00.174Z
bd3d2c34-c349-49bd-ba89-baa16e607a28,"Rafael Santos",admu,451,311,201,168,2026-05-22T16:49:52.162Z
edf6a127-2b6f-4ee7-830e-c12306eb964c,"Trisha del Rosario",admu,465,295,224,191,2026-05-22T17:29:27.606Z
ba82906a-ae8a-4214-9cad-1c7cc24f3412,"Migs Chua",ust,211,255,224,407,2026-05-23T01:19:44.644Z
1639234e-b840-446b-b59c-a2477b3a8ae7,"Ram Aquino",dlsu,326,457,166,231,2026-05-23T06:27:15.006Z
e92a8159-18d1-430e-a895-5555cc2272fb,"Camille Flores",up,262,147,461,246,2026-05-23T12:44:58.438Z
612578ff-1214-4842-ba87-53d096ccfa87,"Rafael Manalo",dlsu,292,436,184,232,2026-05-23T14:11:58.638Z
f113798e-6723-4560-a710-9f8475a4285f,"Gabriel Chua",dlsu,327,512,119,181,2026-05-23T17:10:39.930Z
1892251a-cb35-4963-9ec9-79987cc6115c,"Renz Manalo",dlsu,299,375,236,250,2026-05-23T18:48:02.877Z
24a7d7b0-b718-4bbe-a285-c50960c40975,"Sofia Navarro",admu,434,336,157,221,2026-05-24T04:43:08.326Z
a34842f2-d4c1-4341-a5d3-f83b079ef0a2,"Ella Padilla",up,208,239,421,252,2026-05-24T05:41:50.454Z
7a4e1953-f7c6-4733-8748-95e494660ac6,"Renz Aguilar",dlsu,269,486,200,239,2026-05-24T05:43:06.866Z
28383d47-4cfd-4553-9931-51ebe8f19626,"Hannah Reyes",admu,377,318,198,221,2026-05-24T12:52:20.535Z
7480e818-349b-400a-9798-45420831d901,"Bea Santos",ust,195,204,282,432,2026-05-24T16:14:36.790Z
d2b387e5-d359-4ad9-9434-7591ca653f23,"Trisha Gutierrez",admu,464,302,208,177,2026-05-24T22:08:51.532Z
4e61c8a3-b7c7-46cc-b903-e3f8ffa52108,"Andrea Aguilar",up,215,151,567,258,2026-05-25T00:11:44.576Z
56fd9eca-667b-4cc2-955d-0f2f86c8e1bd,"Ram Rivera",dlsu,280,505,166,222,2026-05-26T01:52:58.838Z
a403802a-14ad-489f-880a-1b6603e0d75b,"Patricia Castillo",admu,327,269,261,249,2026-05-26T03:06:48.517Z
704ab951-8b49-45f1-b17e-10c2c3d7f3b1,"Rafael Bactol",up,205,167,545,267,2026-05-26T04:39:05.316Z
405206c8-25dc-4429-b574-bf97a48b0f28,"Ram Tan",ust,223,209,305,397,2026-05-26T11:16:49.361Z
a53375ff-d5ab-4657-a43c-8c89e47522fa,"Josh Cruz",up,269,233,398,199,2026-05-26T17:36:05.695Z
06f67516-fd90-4aed-9da2-22146aa4e98c,"Migs Ramos",up,260,189,506,231,2026-05-27T14:12:07.031Z
e687b216-f8a4-47a0-b2b8-39894e36f33e,"Angel Domingo",admu,435,308,152,209,2026-05-27T21:09:02.430Z
158d7ee4-5365-41db-8309-31306b111cd0,"Ysabel Rivera",up,198,154,530,255,2026-05-27T23:47:08.322Z
1b6a1478-1225-44fc-a6df-e275a62d0d74,"Patricia Tan",admu,468,320,196,147,2026-05-28T01:22:14.866Z
ad5e0d61-cf59-42a5-a73d-37b5b1885781,"Marco Ramos",up,222,214,446,287,2026-05-28T05:52:40.414Z
89c88bcb-516c-49d0-9d4f-9fd53d5384d5,"Ivan Manalo",ust,205,203,317,420,2026-05-28T07:18:14.341Z
4e37933c-b272-4b54-80d8-b8fc10ff8717,"Paolo Torres",ust,167,204,277,448,2026-05-28T08:13:27.110Z
759681f5-9ee6-44b7-9e7a-a0900dbefafd,"Aaron Gutierrez",admu,421,340,189,174,2026-05-28T10:39:11.525Z
dabd6d42-88c4-4a3e-a2d8-b62d215b38f1,"Hannah Manalo",dlsu,273,415,215,242,2026-05-28T16:32:00.225Z
8d8f55ce-6ceb-489f-b392-8086dfde6aa3,"Josh Torres",dlsu,267,451,199,246,2026-05-28T16:36:29.846Z
11e2b17d-8453-48c3-988d-c5bf899a6633,"Althea Padilla",ust,202,223,274,431,2026-05-28T17:00:19.919Z
08b3e1ca-b1ae-463c-acd0-46c132a28caf,"Loui Santos",ust,209,232,304,399,2026-05-28T18:19:51.323Z
c6238266-fc6f-438c-81aa-54e71a78c2b5,"Sofia Rivera",admu,457,304,192,164,2026-05-28T21:39:59.424Z
4b2893fd-9b6c-453c-8cea-b01a98481e21,"Gabriel Castillo",ust,195,197,300,465,2026-05-29T00:49:26.275Z
ce2eb3c8-a082-47f3-b7f0-77bf7aaeb198,"Loui Navarro",admu,369,272,295,195,2026-05-29T01:44:37.051Z
ffcead05-2c03-47e0-8a18-f7856136c1a3,"Camille Mendoza",admu,473,310,204,174,2026-05-29T08:05:50.650Z
45db033f-00fa-4520-a0ca-0a60c03c3aa9,"Ram Mendoza",admu,465,329,206,150,2026-05-29T11:48:52.329Z
2ec1cbfa-8638-48f7-8b95-9c44ad06b234,"Ysabel Manalo",admu,481,323,176,158,2026-05-29T20:50:18.148Z
6d18b41d-b36c-4023-ba69-cae2301a9aad,"Angel Ramos",dlsu,308,437,231,231,2026-05-29T23:10:49.863Z
ff3503c1-95b1-42b8-9328-9ca70871390e,"Angel Flores",up,210,154,463,218,2026-05-30T01:57:12.771Z
c81b6f1d-d914-4984-9846-758ac3859a21,"Kim Sy",dlsu,298,461,211,241,2026-05-30T02:28:12.487Z
10ec34b7-e50b-4256-967d-050dfefdb2da,"Enzo Padilla",admu,455,330,184,195,2026-05-30T12:24:36.872Z
30fda2fc-b604-4dc8-8351-b2e6a34907c3,"Angel Domingo",admu,360,281,274,230,2026-05-30T13:33:35.151Z
43ac7c2c-5478-4300-9eee-d4f1c9e73fed,"Camille Bactol",up,261,231,457,271,2026-05-30T14:57:33.659Z
fd24dd02-c957-4e84-8118-c18af1b62e2e,"Hannah Dizon",admu,480,312,205,161,2026-05-31T00:37:39.602Z
8130b22c-ed0a-47f2-b8d8-134d6dce9f96,"Ivan Reyes",admu,502,316,184,153,2026-05-31T01:29:37.885Z
762a9c9d-73d0-4ee1-9d38-f21455d553ef,"Isabella Flores",dlsu,284,471,196,240,2026-05-31T04:54:58.349Z
da112ed1-1aeb-4df9-bfde-c0c44cbe57cb,"Bea Rivera",ust,173,197,261,475,2026-05-31T09:33:03.867Z
62b10457-4db9-4e36-b19c-229cbea04d13,"Diego Navarro",up,232,189,463,229,2026-05-31T12:29:59.701Z
7365d568-c38e-46a6-af1e-ea7654474108,"Nicole Gutierrez",ust,168,215,321,422,2026-06-01T05:30:42.397Z
3e27fcc9-0934-4b93-956e-742e4aa5ef0d,"Miguel Aquino",dlsu,302,404,173,205,2026-06-01T05:43:31.158Z
4b86849f-6e30-4685-a5da-e90382147af0,"Vince Manalo",admu,389,242,275,223,2026-06-01T10:25:30.463Z
a6b5d206-21ba-49f8-8057-c1aea6c6e50e,"Marco Gutierrez",admu,460,310,234,151,2026-06-01T10:56:46.412Z
399586f5-7ecc-4a15-8138-ac98536e8476,"Rafael Gutierrez",dlsu,299,451,183,238,2026-06-01T11:43:57.079Z
84869e39-617c-4772-83f0-9d83c33ed748,"Ella Ramos",admu,422,350,147,194,2026-06-02T06:16:27.966Z
45f0fae0-e812-46f6-b7ab-309e9309862a,"Reign Bactol",admu,489,314,158,165,2026-06-02T13:03:53.442Z
d371d796-8bf3-418e-b82c-a77d97175218,"Bea Navarro",dlsu,289,471,174,224,2026-06-02T13:45:13.049Z
95fde5d6-bdb1-4991-9b9b-a63304798ba8,"Yanna Tan",dlsu,270,478,161,197,2026-06-02T14:40:30.582Z
19931cfd-4bc7-41a6-8665-ba7140ca2e7c,"Josh Lim",admu,448,326,190,162,2026-06-02T18:12:40.729Z
036eac14-8622-4981-9191-f0fb2e16f77f,"Bea Mendoza",ust,225,215,241,400,2026-06-02T19:56:48.070Z
aff553e5-cdef-4b95-a304-4960a499337f,"Andrea Domingo",admu,416,250,280,182,2026-06-02T22:29:21.234Z
19fec94e-dde8-467b-b325-0ae4227973bf,"Kate Chua",dlsu,294,473,166,232,2026-06-03T01:07:28.017Z
5437b98c-02b3-4858-990c-6ad4775e222c,"Patricia Reyes",admu,439,316,171,199,2026-06-03T05:08:15.570Z
79dac7e3-d5e5-4945-869f-cf7adc0bf48c,"Josh Cruz",up,232,177,528,210,2026-06-03T05:36:47.676Z
59f68df6-b1cd-43f3-a973-56c485072ef5,"Kate Tan",ust,189,217,313,420,2026-06-03T06:45:32.490Z
9022ea5f-45a5-4045-88df-0600073c7be7,"Enzo Dizon",admu,382,277,204,248,2026-06-03T07:30:23.126Z
c895f71e-9bd3-4426-bf62-c6d62612f9bd,"Ivan Ramos",dlsu,276,448,165,238,2026-06-03T10:37:06.966Z
6eb22c5a-35c0-42bd-ba89-c980734a340e,"Sofia Ramos",admu,435,286,171,223,2026-06-03T20:12:17.379Z
349253ff-f56e-478e-bc3a-868568b63f45,"Patricia Castillo",admu,476,288,233,179,2026-06-03T22:39:55.002Z
1af828be-1774-4709-8d29-41cf607c3eaa,"Isabella Padilla",dlsu,313,508,128,201,2026-06-03T22:56:42.007Z
0ae13edf-ade6-4aa2-9de0-059a956a0153,"Rafael Gutierrez",admu,435,285,188,166,2026-06-04T04:05:32.818Z
c266114c-675f-4050-be3b-d8b66a7fc74c,"Miguel Tan",admu,454,332,190,166,2026-06-04T10:42:04.303Z
6e53d599-afc1-43b1-9397-405764d4fb43,"Nicole Mendoza",dlsu,306,405,229,218,2026-06-04T20:45:41.696Z
73be3d33-87cb-48c8-a77a-566e186e9a4d,"Loui Ramos",admu,482,296,204,186,2026-06-05T01:56:08.876Z
f0a187ff-ad75-42c6-a9bb-aa967eda97ff,"Bea Rivera",dlsu,298,531,138,206,2026-06-05T05:49:07.984Z
9b6041a9-d82c-489f-852e-2fdfe536d598,"Ella Cruz",up,280,238,392,222,2026-06-05T05:53:13.497Z
e2bdf069-ecd8-4eae-96d2-2dce18241bcd,"Lorenzo Sy",admu,417,290,219,184,2026-06-05T08:29:52.631Z
b43f16d1-5443-413d-8d6b-89c31994ea03,"Ram Cruz",admu,477,298,220,191,2026-06-05T09:58:04.918Z
c375cdea-377c-4584-889f-bce251d9684c,"Cedric Rivera",ust,201,204,357,435,2026-06-05T11:42:24.279Z
f77f4445-d30c-4fb6-9d9f-28fe78fc5f60,"Kyle Navarro",ust,163,208,263,434,2026-06-05T14:30:47.257Z
a3496a76-5cb0-498c-ac2f-8ff77b0b0351,"Paolo Santos",admu,394,322,239,182,2026-06-05T16:43:51.550Z
fe220df0-48f7-47df-8417-e8c43ceb88fa,"Ram Bautista",up,222,153,566,230,2026-06-06T02:49:38.657Z
ea4c465c-0aa5-4afa-9784-816b65b581e3,"Rafael Flores",up,276,212,413,260,2026-06-06T06:05:46.743Z
b6fdac18-c534-4844-a892-48eb13b7288d,"Isabella Flores",admu,415,282,203,201,2026-06-06T07:06:58.962Z
f375027a-5814-43ac-be94-2366a38570e3,"Reign Aguilar",admu,495,306,200,171,2026-06-06T10:53:48.176Z
7b512dba-8020-484b-bc14-78f17a3129cf,"Paolo Tan",dlsu,273,439,242,226,2026-06-06T12:11:32.711Z
7f70dcde-90b4-456c-91d4-e97d60287e5a,"Kate Chua",up,252,193,453,256,2026-06-06T20:02:44.019Z
745b0b27-cd00-457e-992c-adca5cc01065,"Althea Villanueva",admu,474,304,191,186,2026-06-06T21:27:09.213Z
c76c107e-5b76-4c0f-8937-24d4052d92e7,"Ram Bautista",dlsu,284,376,247,231,2026-06-07T01:31:59.735Z
c3969a1a-a4de-4d4f-8eed-9ce165cef0f7,"Rafael del Rosario",admu,456,312,229,186,2026-06-07T03:13:28.456Z
5ad548f5-a2a3-4fa7-ba12-ef5ae47f239b,"Nicole del Rosario",up,248,179,493,191,2026-06-07T12:37:50.112Z
6aaee649-e28d-4e86-ad93-f106b95ce4c1,"Lorenzo Flores",admu,429,309,188,197,2026-06-07T12:41:29.879Z
2b7863f4-b8c7-4928-83eb-73a5abb38d1a,"Hannah Fernandez",admu,445,318,241,168,2026-06-07T13:10:51.788Z
a4d200b1-2e98-465a-a71d-ec7fa191d013,"Ivan Rivera",admu,423,289,187,221,2026-06-07T13:26:19.079Z
affa74c7-4d1c-4bee-b747-47996d9f72da,"Loui Rivera",up,252,161,451,265,2026-06-07T18:04:08.902Z
afaf16a0-0ffc-4c18-b216-a0fe1412d0ed,"Nadine Mendoza",admu,405,274,217,212,2026-06-08T00:05:52.092Z
8b1b1f82-3307-48bc-849a-6af2a5f2a429,"Kim Dizon",admu,384,335,187,217,2026-06-08T04:29:35.489Z
5f1c688c-065e-4e32-93c7-fbdf6f4defcd,"Ivan Ocampo",up,237,176,460,248,2026-06-08T05:12:16.875Z
0a991b3b-5345-498f-906a-72c0e80a7fa1,"Cedric Villanueva",admu,376,288,242,224,2026-06-08T11:16:06.606Z
dee8bc4d-b7e4-4ee5-b0fa-6ae597a0262a,"Maria Aquino",dlsu,309,392,193,253,2026-06-08T16:54:05.790Z
c76de0a5-865b-461f-86bc-10bc9bffdd99,"Juan Padilla",ust,184,237,267,462,2026-06-08T18:31:45.081Z
db1cd695-6693-4c91-93ba-1917a12a66eb,"Althea Manalo",up,194,192,442,208,2026-06-08T23:49:42.113Z
2050b9db-596d-4d61-bb06-535f534dc6a0,"Ella Fernandez",up,258,190,512,204,2026-06-09T04:42:48.077Z
45d85a30-971c-40cf-b222-1c2bc37102c7,"Bea Bautista",admu,437,332,213,189,2026-06-09T08:15:55.196Z
c82d1f8e-c376-4bf9-ae88-408e718c4722,"Marco Dizon",admu,450,297,224,209,2026-06-09T18:44:36.589Z
19cfd818-8deb-41b5-a3de-565e877ab18b,"Paolo Aquino",ust,176,189,268,469,2026-06-09T19:41:52.514Z
044bed67-8920-4a08-978b-76882fd07554,"Angel Rivera",up,216,142,548,243,2026-06-09T20:07:36.312Z
749350c4-6591-4f57-bc07-ae0edba64dc5,"Miguel Garcia",up,221,146,550,223,2026-06-09T20:54:14.254Z
5a40893f-825c-4f71-962f-b2b722533596,"Nicole Gutierrez",up,214,155,558,240,2026-06-10T00:50:11.282Z
5eb4f73b-5567-463a-9de7-9e012f34706c,"Diego Garcia",dlsu,268,375,203,262,2026-06-10T07:31:30.522Z
6a49980a-5d47-48d3-8e60-61d9e816538f,"Enzo Padilla",ust,167,192,248,445,2026-06-10T09:23:25.656Z
292c847b-cf56-42e9-a6f9-53b040bc09bf,"Nicole Lim",ust,206,211,259,412,2026-06-10T13:55:34.150Z
8c808707-b146-49a6-9217-2e0be91b8655,"Ysabel Salazar",dlsu,267,439,151,272,2026-06-10T15:05:46.463Z
0735bd46-a33c-4f78-9120-67dd5c65dc9b,"Ram Rivera",up,252,184,487,239,2026-06-10T17:40:18.890Z
e794788a-1b6b-4ea6-9151-50ae0af02769,"Nadine Bautista",admu,461,295,180,163,2026-06-10T23:20:21.217Z
5eaf471c-8e68-4875-a81e-002d9c0b05be,"Camille Tan",admu,491,291,220,171,2026-06-11T04:28:00.225Z
3f51293e-401c-42fd-8019-5374d8dacc66,"Diego Uy",ust,222,194,308,397,2026-06-11T04:45:38.143Z
6133827f-fed8-4989-bf3d-819605fbafdf,"Enzo Ocampo",dlsu,309,456,192,231,2026-06-11T10:01:05.932Z
e619c344-f013-4056-abc5-e86b75e5bd64,"Trisha Uy",admu,432,287,213,201,2026-06-11T12:27:26.935Z
54dc113c-1564-4cda-94cb-31d3a8edf0b6,"Diego Villanueva",dlsu,277,502,160,187,2026-06-11T15:02:44.000Z
42503318-04fe-4b48-b43c-bb17d8e8395f,"Juan Bautista",up,279,188,474,248,2026-06-11T18:42:37.462Z
2fabac84-5a0c-4182-b23e-372e2d3af7b9,"Andrea Aguilar",admu,470,317,192,155,2026-06-11T19:08:00.312Z
155453bb-214d-48e8-84b8-29db99a0fee7,"Yanna Fernandez",admu,427,274,212,206,2026-06-11T20:55:22.329Z
e630cd88-3ccb-4387-b8a4-d9501a3b5625,"Loui Cruz",up,222,159,520,225,2026-06-11T20:58:58.534Z
8df38ec3-4b2f-4a5c-a6cd-49a7aff93746,"Lorenzo Lim",up,224,143,512,235,2026-06-12T12:26:54.610Z
d37e11cd-fcf3-4366-b84d-afc7c6dd791e,"Patricia Torres",up,256,223,374,292,2026-06-12T14:15:29.772Z
9fc01635-c24d-402b-ab84-6110f1ca5e21,"Reign Villanueva",dlsu,323,506,134,195,2026-06-12T16:40:28.370Z
fa21cdbf-6cdc-487f-9119-54f24e1806ad,"Nicole Uy",up,228,148,472,211,2026-06-12T22:42:52.340Z
dff93ffc-b261-406a-8e5b-28c2a901e717,"Cedric Dizon",admu,445,296,220,210,2026-06-12T23:55:42.175Z
ebfcd143-4475-409a-83ef-ba6eceef5097,"Renz Garcia",admu,358,294,253,264,2026-06-13T11:14:48.130Z
2c1e6615-d1f9-4b0e-8a37-387138830afb,"Ysabel Mendoza",ust,198,140,310,403,2026-06-13T12:26:12.190Z
eb50d94c-6640-44f0-ac2e-822875c2f0c3,"Angel Reyes",up,248,164,509,232,2026-06-13T22:07:54.461Z
8636d8dc-1b82-410b-b800-6785cb423254,"Trisha Rivera",dlsu,302,373,195,229,2026-06-14T01:59:46.519Z
07d236be-8747-4c0b-8821-175c78c4c4fa,"Ella Castillo",dlsu,294,514,122,215,2026-06-14T02:58:29.651Z
7ee16cfa-e529-45f9-b581-0cdb8826edad,"Migs Torres",up,228,198,501,208,2026-06-14T03:45:20.098Z
30d20df8-efc6-497d-976b-48cb469f368a,"Isabella Navarro",admu,478,333,175,176,2026-06-14T04:51:37.082Z
d97c41d7-cfa1-482e-bb9b-add88681af2e,"Miguel Chua",up,239,182,495,231,2026-06-14T07:15:38.790Z
d4b88972-587c-4d3d-bbbb-d9c046da596a,"Maria Salazar",admu,400,277,235,196,2026-06-14T11:06:54.259Z
cd95c006-5c9b-486c-ae17-50e809a98277,"Enzo Gutierrez",admu,474,312,208,152,2026-06-14T23:57:55.909Z
94a2c792-9447-464a-a1fe-5627060ae2eb,"Nadine Ocampo",up,217,214,451,249,2026-06-15T02:05:53.190Z
95cb388e-630b-4a3a-8d58-3ab6d3aed80e,"Kim Dizon",ust,202,208,299,409,2026-06-15T03:16:30.068Z
0d3e6384-9aec-4f3f-b6bd-dbe9c1de673a,"Aaron Ramos",up,227,167,465,254,2026-06-15T11:39:23.587Z
b2c39510-0881-4d4a-8ef2-f0cf4e58c94b,"Danica Navarro",admu,441,295,232,192,2026-06-16T01:50:05.833Z
be27f4d3-fe25-485f-beaa-ad9215a4bfdd,"Nicole Castillo",dlsu,303,406,163,225,2026-06-16T02:28:54.049Z
c9fc959c-18de-46c7-b9dd-7e3a12541fb5,"Ella Fernandez",up,248,163,512,266,2026-06-16T03:57:39.977Z
a2404d23-75f9-40bd-8ca9-5fe4aac18fa0,"Miguel Bactol",admu,446,316,187,189,2026-06-16T06:15:38.637Z
b5200853-8864-4611-b3ec-79b8afc5367d,"Enzo Navarro",dlsu,308,494,166,204,2026-06-16T10:36:19.760Z
abe94048-511c-4b6c-9a1b-ce703a0042c2,"Camille Navarro",ust,223,213,317,417,2026-06-16T12:49:54.799Z
57cf7ca5-15ce-422c-9722-3f722c692e60,"Isabella Bautista",admu,401,245,293,207,2026-06-16T13:50:31.617Z
b61ba6ce-66cd-4ee6-aa0b-2318090b6e27,"Vince Domingo",admu,393,333,189,198,2026-06-16T18:17:08.042Z
5d819d61-2517-498a-8aad-15a83f8223f2,"Camille Garcia",up,263,177,443,184,2026-06-17T02:07:40.602Z
e92d7ec4-4615-490b-82c0-7bd21c1111e8,"Paolo Torres",dlsu,284,469,196,247,2026-06-17T12:01:56.408Z
31291411-eb75-40a8-a07a-a77d36af44ef,"Sofia Bautista",ust,170,207,275,455,2026-06-17T16:41:49.659Z
f54b62b7-1c86-4359-bbe5-2514dcdf6ec5,"Kate Fernandez",admu,378,276,290,239,2026-06-18T02:10:32.840Z
c39cbb37-bdf0-4a33-a7ec-292305e2d9c9,"Marco Ocampo",up,278,151,454,249,2026-06-18T04:08:45.717Z
5eff4e73-9203-4968-9b50-bc18007759d8,"Ysabel Reyes",admu,464,337,202,165,2026-06-18T06:29:08.002Z
1dc0ce18-b2d5-41bb-ba12-20696327069e,"Enzo Manalo",admu,452,305,205,175,2026-06-18T06:29:41.423Z
6dbb810d-4d27-448b-b84c-ee3fde78f384,"Vince Lim",admu,435,315,212,175,2026-06-18T16:52:13.601Z
96de5f74-9d85-4301-a110-cec898742e7e,"Aaron Bactol",admu,407,296,249,150,2026-06-18T19:33:33.167Z
b9d812f1-be11-42e1-b31a-50d2cbe518d5,"Camille Manalo",admu,385,280,233,185,2026-06-19T01:24:58.769Z
628f3438-735e-4f2e-bc83-b99bb45bcd53,"Ram Cruz",up,215,182,502,273,2026-06-19T10:49:16.883Z
911186f6-9826-41cc-ad90-9ace4be08746,"Isabella Lim",admu,445,298,209,193,2026-06-19T14:50:05.110Z
d5176b0e-c5be-4ebe-8774-f267e597e81f,"Ram Domingo",dlsu,258,455,181,200,2026-06-19T16:33:47.434Z
e61ca332-8476-47a3-9a8d-723d694c2ed5,"Ram Castillo",ust,210,209,314,435,2026-06-19T17:18:43.294Z
dc5bb2fc-539f-42ca-b612-ca588106b9c0,"Sofia del Rosario",up,254,158,532,224,2026-06-19T17:46:39.327Z
7910d717-fec6-449e-853f-77f1d5f714c4,"Ram Cruz",admu,424,281,207,198,2026-06-19T19:23:37.313Z
305fbeb6-9e87-47c1-aed4-75682d8ddf30,"Rafael Aguilar",admu,419,296,235,196,2026-06-19T22:12:03.867Z
41775401-56b0-4ee4-ab90-8449d57bb181,"Nadine Flores",admu,417,317,173,210,2026-06-20T02:36:27.210Z
6c4f2197-58d6-4dd0-976c-d689ba6cba53,"Loui Navarro",up,247,161,508,247,2026-06-20T05:59:16.646Z
0eae4073-a933-4426-8868-a521b8fe8e16,"Aaron Bautista",up,245,222,440,257,2026-06-20T06:33:43.672Z
7c718b88-1194-4f81-9f35-ecb7525f4320,"Kim Salazar",up,285,244,437,229,2026-06-20T22:00:25.016Z
1c500aa2-5bda-44a4-a76c-056b3f02a0b7,"Nicole Bautista",admu,436,280,251,197,2026-06-21T03:09:02.092Z
8268d8f2-8acf-4d94-8f3f-fa112a29fab9,"Paolo Padilla",dlsu,291,444,173,235,2026-06-21T07:16:11.678Z
a9944758-1394-4700-b6c1-75302f9fccfb,"Miguel Dizon",admu,393,243,291,184,2026-06-21T15:11:17.914Z
7c69fbc5-c7b1-40e8-9aef-877fac546732,"Ivan Uy",admu,390,284,248,225,2026-06-21T15:12:22.021Z
24ab0640-a101-4438-8609-b07aab94bbdc,"Bea Santos",dlsu,279,399,216,259,2026-06-21T15:40:51.314Z
b8460ae0-9cef-4e13-b34f-adf9e22c5b45,"Bea Dizon",admu,347,261,286,190,2026-06-21T22:59:07.440Z
6c07bef1-7ca7-4df3-b7ff-e15b4e01540d,"Angel Torres",dlsu,282,469,180,193,2026-06-22T00:04:41.128Z
58d246de-763e-4a39-8bb5-d1c660346533,"Marco Garcia",up,274,236,417,202,2026-06-22T03:46:07.015Z
f4ce7c87-0234-4462-8b89-20ac6e03e9df,"Andrea Fernandez",dlsu,283,442,208,252,2026-06-22T06:00:42.128Z
2c2e8710-f9ca-4cf2-8bf9-520764ef0c3e,"Nicole Mendoza",dlsu,295,519,141,220,2026-06-22T07:38:09.058Z
f0fa35e1-b238-4073-88f5-0084fc8faa6f,"Kate Bactol",up,236,188,467,279,2026-06-22T15:11:57.002Z
67ecac26-3382-4da0-96aa-4b2ac39d6a4a,"Aaron Rivera",ust,181,213,266,464,2026-06-22T15:33:33.909Z
105abf69-d1ce-4d58-acce-becad33156bb,"Andrea Flores",up,191,159,445,292,2026-06-22T19:41:43.443Z
89843f47-8695-4df7-b2ea-45205d6b62e7,"Juan Tan",up,220,206,457,247,2026-06-22T22:36:59.043Z
761cd9a2-791d-47d1-bf24-1815e81c4c3d,"Gabriel Santos",ust,234,197,277,380,2026-06-23T05:48:13.117Z
dad34568-4bf6-4bdc-a3b0-b64626c28349,"Ivan Villanueva",up,242,167,532,197,2026-06-23T11:05:28.393Z
2c52ce8b-48ae-4c54-9bc4-58a48dd7b2dc,"Reign Villanueva",admu,425,291,195,197,2026-06-23T12:58:50.712Z
05ed3fe2-5528-4c85-bdf2-cefbe1edb64d,"Gabriel Manalo",up,265,225,467,207,2026-06-23T13:46:05.429Z
68d9e3ee-d855-48c6-ae4b-d2081a3a888b,"Nadine Cruz",up,243,155,526,209,2026-06-23T15:14:55.187Z
b8f0e8dd-ffd5-42ae-96c2-376efb02dd20,"Ram Ramos",admu,410,297,237,198,2026-06-23T15:56:06.258Z
13283e3c-8251-4ccb-9342-773dce4ccb88,"Camille Fernandez",ust,202,226,239,421,2026-06-23T18:28:00.625Z
1a32f276-c1be-4f4a-94d7-4a9877aa5767,"Camille Mendoza",up,291,218,392,207,2026-06-23T18:51:38.662Z
a62f106d-5cae-4c22-b760-a3beeab3fa28,"Juan Cruz",ust,176,190,304,474,2026-06-23T20:12:35.558Z
5c0dc938-1d99-4c12-995e-4c3ac67d45b9,"Vince Lim",admu,471,297,200,177,2026-06-24T00:11:55.576Z
cdfc081c-a79f-49ca-ba40-5dff9492cd60,"Nadine Castillo",ust,204,250,221,411,2026-06-24T00:47:25.558Z
b2495130-8698-4f12-a1fb-164897ca12fb,"Jomar Torres",dlsu,294,511,150,200,2026-06-24T04:11:08.404Z
294c8430-9f3f-4a22-b33b-ce7a94ab8941,"Bea Bautista",dlsu,318,428,212,207,2026-06-24T05:57:47.546Z
b6278dd5-82e0-4573-a37c-0f92b18b0563,"Camille Bautista",dlsu,285,482,171,245,2026-06-24T08:20:59.404Z
6f651c6c-2abc-4c16-8b21-71619b31de4d,"Josh Cruz",admu,435,331,194,176,2026-06-24T09:33:56.552Z
4d49afbc-9f76-4a25-b9a7-b0a3719c0154,"Sofia Aguilar",admu,387,252,221,220,2026-06-24T19:21:06.750Z
83c7bbfd-40d0-4906-9bd8-5832590311ce,"Migs Aquino",up,261,226,402,228,2026-06-24T22:42:38.630Z
5e5a9096-6a67-4b35-b34d-f800b66c47af,"Aaron Gutierrez",ust,249,228,281,391,2026-06-25T00:30:59.202Z
99e97fc5-87c7-4946-9f59-1215e1fc370b,"Kim Sy",ust,213,283,248,357,2026-06-25T02:06:36.937Z
31b561e1-4566-4baa-9123-370bc66e60db,"Isabella Aquino",admu,351,298,256,240,2026-06-25T03:02:25.613Z
ce5b4bb4-53fe-4b8b-b590-27a6b98bb3c0,"Camille Santos",ust,197,218,315,447,2026-06-25T14:36:59.449Z
5ebdfdd0-b3a0-400c-bf28-fa6ecc28d78f,"Juan Mendoza",admu,446,322,206,157,2026-06-26T05:52:14.960Z
fe7f31f0-fc03-429a-ae65-7978eb990e0a,"Nicole Uy",dlsu,298,516,138,212,2026-06-26T08:10:20.124Z
96ab8618-e446-4816-9178-cdf9421ae8a2,"Ivan Bactol",dlsu,279,416,243,215,2026-06-26T13:39:08.198Z
4bd21993-ce35-40e9-aa4a-e2355922db9a,"Bea Santos",admu,411,297,234,244,2026-06-26T15:59:12.956Z
95c682e0-1c84-4ce8-b6ed-68138071d7b6,"Josh Sy",dlsu,278,502,164,234,2026-06-27T00:59:12.844Z
7e975713-b5ac-4dce-a18b-6ba835c8334e,"Vince Santos",up,245,139,502,254,2026-06-27T07:26:33.579Z
26286f27-69a2-47d5-87b4-f5b839d55621,"Josh Aquino",dlsu,259,387,254,296,2026-06-27T09:52:15.647Z
bf27689f-d0bb-4100-8f42-2458aaa0a4c6,"Camille Bactol",ust,212,219,287,411,2026-06-27T14:33:41.815Z
400cdd79-61f0-47b7-b6b0-97b0ca7be3eb,"Ella Navarro",ust,222,210,271,380,2026-06-27T17:03:49.990Z
49a51633-d022-4ee0-8d13-c449fa305908,"Gabriel Lim",up,255,224,423,263,2026-06-27T17:42:48.843Z
afd4d869-db68-4fcf-81fe-83ccba263739,"Loui Santos",admu,372,322,233,209,2026-06-27T18:15:52.244Z
925023a2-6e61-4cd1-a75d-68a031c66cd0,"Paolo Padilla",admu,385,298,257,209,2026-06-27T18:54:40.782Z
989f45dd-5872-4c78-823f-6ddac9173fb6,"Isabella Navarro",ust,185,172,352,445,2026-06-28T02:32:13.960Z
b77f29e5-804c-48ff-a156-341f121c50f7,"Paolo Chua",up,235,173,451,291,2026-06-28T04:11:02.816Z
bfdc7388-3edd-481a-8958-4a633ee776e1,"Reign Torres",ust,220,229,280,392,2026-06-28T04:22:58.531Z
35be7cab-6ef1-4d7f-ad1a-7617294503af,"Jomar Ocampo",ust,203,241,336,386,2026-06-28T11:19:31.675Z
0fa4cdeb-c2fc-4e0f-9e44-9e3a10d2a76f,"Diego Rivera",admu,411,322,237,217,2026-06-28T17:17:04.173Z
8c3974b3-44d1-4fac-9fe8-780c14513064,"Danica Aguilar",ust,207,190,258,420,2026-06-28T19:28:40.521Z
5d6b9dd9-788a-4eb4-950f-b47a6f75e05d,"Juan Lim",dlsu,326,445,183,202,2026-06-28T23:12:15.751Z
631d64c1-7b53-4ae8-a509-baf502893eb6,"Migs Villanueva",dlsu,263,396,227,233,2026-06-28T23:13:48.157Z
3bf13241-3d59-4dd0-8c5f-ab8f9e0b1742,"Hannah Cruz",dlsu,269,373,228,276,2026-06-29T00:47:11.952Z
29e318b7-2259-47b4-9920-ee1111928b14,"Aaron Dizon",up,221,232,450,253,2026-06-29T01:27:06.724Z
0a57af6c-d8c8-4ecd-8c14-2b23a579fda4,"Ysabel Cruz",dlsu,277,420,196,206,2026-06-29T01:53:51.856Z
220ef697-9894-4d6f-9e60-6eec90dc2de9,"Miguel Cruz",dlsu,276,421,167,209,2026-06-29T07:04:07.880Z
b08802d3-084a-42c4-9a10-7b98d4768871,"Sofia Lim",ust,280,292,336,292,2026-06-29T10:13:20.883Z
1a472f0c-f390-4294-9afc-220ce309eca0,"Gabriel Aquino",up,210,134,543,254,2026-06-29T11:16:01.581Z
3319bff5-01ae-4240-b1ba-9cd565fc0119,"Josh Dizon",up,216,169,528,230,2026-06-29T11:18:11.786Z
da2b49e0-1103-4475-87cc-d59fe4a57a3a,"Vince Rivera",up,205,176,498,260,2026-06-29T23:11:39.807Z
dbd46435-6aad-4343-8a75-b33b62b2c73f,"Danica Sy",admu,393,291,261,188,2026-06-30T02:16:50.245Z
0e360b69-a2bc-47cc-859b-3c188ecea338,"Josh Gutierrez",dlsu,294,461,187,240,2026-06-30T03:42:56.828Z
e5518832-0846-48c7-9526-6c0d993d18aa,"Lorenzo Reyes",dlsu,310,417,232,226,2026-06-30T04:14:07.610Z
e47741d4-1631-46c5-8c8c-f15232747d9b,"Yanna Domingo",admu,432,292,177,209,2026-06-30T06:24:58.707Z
ce06233c-24ee-496a-9c4b-883deb0fbaaa,"Jomar Salazar",admu,455,257,225,165,2026-06-30T08:17:34.414Z
19f17f97-a85e-4e53-816d-722041762618,"Nadine Castillo",up,243,151,525,238,2026-06-30T11:42:29.731Z
61e014ad-026b-4ec1-b0fe-88a71037489f,"Paolo Salazar",up,216,236,429,284,2026-06-30T14:39:32.670Z
88305278-a19f-437a-80ae-004a8c5c8f33,"Gabriel Fernandez",up,223,179,494,232,2026-06-30T19:15:19.413Z
96650262-c396-40ae-868e-d022d3d7b961,"Josh Fernandez",up,249,178,489,207,2026-07-01T00:03:06.658Z
f5183759-a18b-4735-aaca-973631c0d8e8,"Patricia Sy",ust,212,223,314,373,2026-07-01T00:22:11.681Z
1ac07acd-f063-45e5-8ee5-9a412abfb911,"Rafael Padilla",dlsu,269,415,202,228,2026-07-01T01:20:41.226Z
52455c89-160c-4295-9331-9b409bcdc23b,"Andrea Rivera",ust,187,206,338,415,2026-07-01T05:54:24.572Z
70329f89-b7d9-4201-93fe-f94995888a48,"Ella Torres",up,230,170,415,282,2026-07-01T08:04:34.683Z
76551917-06fe-46e8-a4a9-e704df0aab43,"Vince Padilla",dlsu,305,360,193,209,2026-07-01T11:05:20.998Z
65e05f6d-e376-44a8-a996-358d53d2e660,"Ella Domingo",up,249,176,525,230,2026-07-01T12:48:35.705Z
265b9219-550e-493b-a639-ec9ba18dc8b0,"Vince Sy",dlsu,285,512,157,205,2026-07-01T15:47:30.100Z
9bd6ac4c-93ca-4007-aa45-f426e218fa29,"Angel Tan",dlsu,314,467,183,202,2026-07-01T16:13:01.461Z
2395fed4-4f36-4033-b473-b471a0de46b2,"Miguel Garcia",admu,372,287,251,171,2026-07-01T16:52:50.854Z
56481d6b-5804-4760-b84f-29dde5ab907a,"Trisha Mendoza",admu,466,325,206,184,2026-07-01T18:21:06.138Z
f0c58b0d-b758-4e57-adb0-fde7c42cb767,"Ella Aquino",admu,440,338,206,141,2026-07-01T22:33:35.572Z
e19b85cf-6c48-4f7d-b68f-a3897a57cb76,"Bea Sy",dlsu,315,495,151,195,2026-07-02T02:26:18.929Z
34b4c80e-09f8-44a1-91bd-bd4361df7727,"Cedric Torres",admu,452,304,224,181,2026-07-02T05:44:58.494Z
f30a79e5-e763-44a8-b0c3-15822e1a781e,"Migs Padilla",dlsu,319,443,195,203,2026-07-02T06:17:26.543Z
41ee02db-b390-4694-a012-2091312842af,"Ivan Torres",up,220,198,464,251,2026-07-02T07:01:57.951Z
528b625d-0399-4cb1-8aa8-1527ca7da306,"Reign Garcia",admu,393,257,230,207,2026-07-02T07:29:22.166Z
3a3e72cd-f640-46ec-bf7c-1f9e689b6204,"Ivan del Rosario",ust,211,181,245,398,2026-07-02T11:30:07.874Z
4ca434f4-49ad-4db0-9604-5becb2378c09,"Camille Domingo",admu,414,338,203,187,2026-07-02T12:22:11.332Z
d4d69037-b1ef-4d86-b951-5eaac7851d67,"Josh Cruz",dlsu,291,494,157,204,2026-07-02T12:42:20.337Z
4e59eb33-8ea0-40ed-bb32-4c05a70d7b5d,"Diego Flores",dlsu,290,406,222,249,2026-07-02T13:46:09.995Z
c9fe5a6d-13b7-4791-ae36-977fd62e9998,"Rafael Ramos",up,234,156,556,222,2026-07-02T13:56:04.950Z
4c34d328-f17d-45c2-916d-f942f64c70e2,"Andrea Gutierrez",up,205,169,519,205,2026-07-02T15:47:22.166Z
4431826d-7f58-41e3-b581-79e2ebf50ed3,"Angel Aquino",dlsu,289,351,255,263,2026-07-02T20:24:02.550Z
760d4167-628c-4909-b27c-162b3eb6fced,"Rafael Ramos",admu,455,301,182,194,2026-07-02T21:36:11.212Z
0624e178-b6fe-49bd-80b2-e394ed01a696,"Kate Padilla",ust,184,226,277,438,2026-07-02T23:06:19.219Z
be7e1084-8ea8-491e-bb24-a6b44d0cd0e8,"Maria Reyes",admu,419,313,220,202,2026-07-03T01:18:53.298Z
f55e46cf-98b6-40ae-b5c1-99d5ed8386c4,"Enzo Bautista",admu,420,291,203,209,2026-07-03T01:31:42.715Z
cc6e289a-f44a-463c-8499-bc2fe0cd5a94,"Hannah Cruz",dlsu,339,466,182,180,2026-07-03T01:45:42.572Z
4fff71be-f6cd-4f99-9c41-59b49c42213f,"Jomar Ocampo",admu,464,294,206,167,2026-07-03T05:14:55.661Z
cf959aad-9a6c-4c50-9d85-25291c7dbdbc,"Isabella Aguilar",up,252,200,433,239,2026-07-03T05:24:31.501Z
3f4a662d-6155-449c-a283-479cf6a31921,"Hannah Domingo",up,235,162,521,231,2026-07-03T06:13:13.785Z
34c07466-b53d-4ce0-a7ca-a4a252e03150,"Ysabel Gutierrez",dlsu,328,463,131,207,2026-07-03T11:37:12.253Z
79262a44-18a7-4c40-8040-ee7279dedef7,"Lorenzo Bautista",admu,431,276,227,197,2026-07-03T12:47:11.321Z
77ecb839-6947-41e7-9bd8-e68879d3cdf1,"Camille Ocampo",up,219,208,437,253,2026-07-03T18:56:50.558Z
9f04e3b3-bc54-4483-a3a4-eeff78e92c42,"Aaron Flores",admu,494,318,176,163,2026-07-03T20:58:41.048Z
8dd06ed8-a4b7-4632-b9d4-6ac29b6fee3b,"Lorenzo Gutierrez",dlsu,264,472,177,239,2026-07-03T21:18:04.618Z
7a5008b4-a2b4-41ae-8f86-37524600fd1b,"Gabriel Bautista",ust,221,209,276,394,2026-07-03T21:24:06.555Z
a08c7dae-7486-494f-9876-4544e8b702e8,"Yanna Santos",dlsu,271,460,174,231,2026-07-03T22:39:09.388Z
c41b781e-1fb6-428e-93f9-e3aa57888cca,"Josh Salazar",up,252,188,406,283,2026-07-04T01:18:23.564Z
ab4257f0-0c35-414c-9a9b-3bcdfa2e4a13,"Rafael Cruz",ust,171,230,232,404,2026-07-04T02:42:04.699Z
ef03ee98-14e7-4890-a0b6-821dcae6818f,"Nicole Torres",ust,208,176,307,444,2026-07-04T03:11:54.091Z
5373f27f-b69a-46ea-8bc1-40edbfa4260f,"Gabriel Salazar",dlsu,280,490,147,223,2026-07-04T03:15:59.895Z
849af77f-72a5-4bdd-910b-c599c6a36d0f,"Cedric Gutierrez",up,253,164,493,245,2026-07-04T04:38:01.925Z
c3901b55-cf99-4da9-9ec8-8057db960056,"Cedric Torres",up,208,169,512,249,2026-07-04T05:38:27.269Z
e00ce721-23fa-4b61-a090-a24f1ebff750,"Renz Dizon",dlsu,256,357,227,254,2026-07-04T06:05:11.005Z
4fd66103-0998-465b-b621-f1ba79d042f6,"Loui Reyes",admu,455,307,192,165,2026-07-04T06:15:24.872Z
7195d206-94ee-4ae3-9655-91c780c40ad0,"Trisha Tan",dlsu,297,486,171,212,2026-07-04T06:28:01.154Z
1b6ac44f-7415-4b41-b02f-069be438bd91,"Isabella Bautista",dlsu,316,459,198,204,2026-07-04T06:31:03.698Z
ab20103c-f718-44e8-98be-3c2a2723ff10,"Miguel Gutierrez",dlsu,289,464,167,211,2026-07-04T07:01:54.387Z
dbc8af47-f909-4ae0-90d9-f3c7b005d7cb,"Bea Dizon",up,220,146,531,240,2026-07-04T07:17:05.328Z
7b70b5eb-fe49-485f-b81f-cbab29152e56,"Angel Santos",up,240,163,516,216,2026-07-04T07:33:22.505Z
a16fd402-80cf-473d-9654-15816481dcee,"Kyle Aquino",up,241,176,483,273,2026-07-04T07:56:31.210Z
cfadce07-fa7f-4ce3-9701-6cc69637b19e,"Andrea Ocampo",ust,218,222,285,409,2026-07-04T09:30:02.629Z
b8098388-33f2-456b-966f-83b2fee23294,"Josh Flores",admu,465,305,216,175,2026-07-04T09:56:39.266Z
71f154f7-72d0-4c03-b688-421ee12ec8c4,"Kyle Cruz",up,247,210,440,242,2026-07-04T10:30:39.607Z
e1cea7a1-072a-42ab-a9ba-a322efdff456,"Isabella Navarro",admu,441,297,233,208,2026-07-04T17:03:02.770Z
8303d2f0-9625-472b-881d-8790a09a6195,"Ivan del Rosario",dlsu,304,360,229,216,2026-07-04T18:09:28.301Z
edd30198-01c2-458b-8bd2-d860c87cf48e,"Loui Cruz",admu,472,323,188,165,2026-07-04T20:58:34.580Z
c82fcbc4-8fe6-4362-8096-78d97b5cf18c,"Nadine Tan",admu,425,316,230,197,2026-07-04T21:05:26.905Z
bb3cecca-1149-478a-bbc4-7deee6eb2e42,"Danica Padilla",dlsu,289,472,183,207,2026-07-05T00:27:44.917Z
b63026c2-9469-48ce-a081-2b7764edfb78,"Gabriel Garcia",dlsu,293,520,146,204,2026-07-05T00:32:06.253Z
ba8ef94b-d962-4bd5-9a7c-42144329fbfb,"Althea Aquino",admu,471,319,189,163,2026-07-05T01:33:25.730Z
ff60aafc-24f0-469f-9507-1962ca2127a5,"Marco Reyes",admu,429,312,226,192,2026-07-05T04:01:34.802Z
80231cf0-fbea-4187-8aa7-f1c4a7e7d8de,"Kim Garcia",up,248,178,485,214,2026-07-05T08:29:33.614Z
cb945c23-7374-43ad-989a-e28940a4a6eb,"Andrea Aquino",admu,466,305,172,185,2026-07-05T09:38:22.268Z
11b8d543-644d-419a-a268-b668d12fc0bc,"Ivan Uy",dlsu,281,389,229,270,2026-07-05T09:41:57.345Z
1ebf2bd1-660b-4fee-97d8-40eb2e40121b,"Kyle Tan",up,265,175,424,254,2026-07-05T09:42:43.192Z
918404af-e157-48ef-9139-87ff0603d8bc,"Ram Santos",dlsu,284,423,218,243,2026-07-05T13:44:17.897Z
273080b4-79bf-4858-8a54-ba3e50e8d99d,"Marco Ramos",dlsu,292,486,162,226,2026-07-05T13:56:03.041Z
ce817367-1c61-42fd-a0c5-4d8e11eeeead,"Enzo Mendoza",dlsu,292,437,211,259,2026-07-05T14:16:01.892Z
f53dc4f5-5fad-4b3c-a9c3-4e762063869d,"Ram Padilla",admu,449,348,186,164,2026-07-05T15:10:11.678Z
e987f29a-9919-45ef-89b8-835149fd904e,"Andrea Ocampo",admu,452,305,205,154,2026-07-05T15:21:57.641Z
606eb9ad-ccec-4f15-9398-ef80ba951c25,"Nicole Torres",up,263,205,419,242,2026-07-05T16:56:52.429Z
f960dfb6-211b-49e7-9822-7b06fc464ef3,"Josh Chua",admu,417,308,248,203,2026-07-05T18:33:18.309Z
30c21cda-c37c-4eca-bbfa-7c74412e1d80,"Isabella Reyes",admu,384,264,203,282,2026-07-05T19:22:35.028Z
7a730c9d-6702-45c3-8b9b-5cbe21f33f3c,"Aaron Aguilar",admu,369,322,215,221,2026-07-05T21:44:32.749Z
0aa27ebf-b933-42c0-9dc0-b88ac5bce89d,"Ella Ocampo",up,240,234,451,189,2026-07-05T22:26:32.162Z
f7212a67-41f8-4773-b865-61e74d422231,"Josh Aquino",up,221,159,524,250,2026-07-05T22:42:11.704Z
ceb5cce0-f18b-4e1b-a5a8-92133a3f1974,"Isabella Gutierrez",admu,494,318,176,163,2026-07-05T23:05:46.157Z
b9edb448-70ae-426a-8cff-4bef36af3cea,"Maria Sy",up,239,151,552,232,2026-07-06T00:42:20.304Z
58d76e1e-2652-45d0-83b2-89de5c507d5a,"Josh Bautista",admu,432,317,181,176,2026-07-06T01:02:43.942Z
5fabe950-5ef8-464e-9cc3-5c4bb465d87c,"Bea Domingo",admu,386,307,262,154,2026-07-06T01:03:17.362Z
e142752e-8213-461a-b5c8-6f4e8c097ee3,"Yanna Navarro",dlsu,220,383,258,250,2026-07-06T02:01:54.600Z
053c017c-d548-4a54-85b3-3953e95f2175,"Paolo Tan",up,239,167,500,245,2026-07-06T02:12:39.663Z
fa9d23e1-637c-469f-a661-d487f743ab96,"Vince Fernandez",admu,481,316,190,153,2026-07-06T02:33:29.272Z